,0
0,<phe.paillier.EncryptedNumber object at 0x000001FB87166790>
1,<phe.paillier.EncryptedNumber object at 0x000001FB87168670>
2,<phe.paillier.EncryptedNumber object at 0x000001FB87173F40>
3,<phe.paillier.EncryptedNumber object at 0x000001FB871661F0>
4,<phe.paillier.EncryptedNumber object at 0x000001FB87170280>
5,<phe.paillier.EncryptedNumber object at 0x000001FB87168BB0>
6,<phe.paillier.EncryptedNumber object at 0x000001FB87168FD0>
7,<phe.paillier.EncryptedNumber object at 0x000001FB87168F10>
8,<phe.paillier.EncryptedNumber object at 0x000001FB8715D2B0>
9,<phe.paillier.EncryptedNumber object at 0x000001FB8715C1F0>
10,<phe.paillier.EncryptedNumber object at 0x000001FB87170EB0>
11,<phe.paillier.EncryptedNumber object at 0x000001FB87162670>
12,<phe.paillier.EncryptedNumber object at 0x000001FB8715BF70>
13,<phe.paillier.EncryptedNumber object at 0x000001FB8716CE50>
14,<phe.paillier.EncryptedNumber object at 0x000001FB8715D7F0>
15,<phe.paillier.EncryptedNumber object at 0x000001FB8716CB50>
16,<phe.paillier.EncryptedNumber object at 0x000001FB87169D30>
17,<phe.paillier.EncryptedNumber object at 0x000001FB87168A60>
18,<phe.paillier.EncryptedNumber object at 0x000001FB87168730>
19,<phe.paillier.EncryptedNumber object at 0x000001FB8716CF70>
20,<phe.paillier.EncryptedNumber object at 0x000001FB8716CFA0>
21,<phe.paillier.EncryptedNumber object at 0x000001FB8715DC10>
22,<phe.paillier.EncryptedNumber object at 0x000001FB87162F40>
23,<phe.paillier.EncryptedNumber object at 0x000001FBEFC4DEB0>
24,<phe.paillier.EncryptedNumber object at 0x000001FB8716C340>
25,<phe.paillier.EncryptedNumber object at 0x000001FB87170F70>
26,<phe.paillier.EncryptedNumber object at 0x000001FB87169190>
27,<phe.paillier.EncryptedNumber object at 0x000001FB87173AF0>
28,<phe.paillier.EncryptedNumber object at 0x000001FB8716EE50>
29,<phe.paillier.EncryptedNumber object at 0x000001FB87166B50>
30,<phe.paillier.EncryptedNumber object at 0x000001FB87160100>
31,<phe.paillier.EncryptedNumber object at 0x000001FB87160E80>
32,<phe.paillier.EncryptedNumber object at 0x000001FB8715CE50>
33,<phe.paillier.EncryptedNumber object at 0x000001FB8715CCD0>
34,<phe.paillier.EncryptedNumber object at 0x000001FB87135F70>
35,<phe.paillier.EncryptedNumber object at 0x000001FB87160250>
36,<phe.paillier.EncryptedNumber object at 0x000001FB8715BC70>
37,<phe.paillier.EncryptedNumber object at 0x000001FB8715B340>
38,<phe.paillier.EncryptedNumber object at 0x000001FB871732B0>
39,<phe.paillier.EncryptedNumber object at 0x000001FB8715BA90>
40,<phe.paillier.EncryptedNumber object at 0x000001FB8715CDF0>
41,<phe.paillier.EncryptedNumber object at 0x000001FB871687F0>
42,<phe.paillier.EncryptedNumber object at 0x000001FB871669D0>
43,<phe.paillier.EncryptedNumber object at 0x000001FB87168C10>
44,<phe.paillier.EncryptedNumber object at 0x000001FB87170790>
45,<phe.paillier.EncryptedNumber object at 0x000001FB8715BD00>
46,<phe.paillier.EncryptedNumber object at 0x000001FB8715D820>
47,<phe.paillier.EncryptedNumber object at 0x000001FB8715BEB0>
48,<phe.paillier.EncryptedNumber object at 0x000001FBA1ABBE80>
49,<phe.paillier.EncryptedNumber object at 0x000001FBEFD1D280>
50,<phe.paillier.EncryptedNumber object at 0x000001FB8716ECD0>
51,<phe.paillier.EncryptedNumber object at 0x000001FB87168070>
52,<phe.paillier.EncryptedNumber object at 0x000001FB871637C0>
53,<phe.paillier.EncryptedNumber object at 0x000001FB871624C0>
54,<phe.paillier.EncryptedNumber object at 0x000001FB871635B0>
55,<phe.paillier.EncryptedNumber object at 0x000001FB87163370>
56,<phe.paillier.EncryptedNumber object at 0x000001FB8715B670>
57,<phe.paillier.EncryptedNumber object at 0x000001FB8716CDF0>
58,<phe.paillier.EncryptedNumber object at 0x000001FB87169C70>
59,<phe.paillier.EncryptedNumber object at 0x000001FB87163B20>
60,<phe.paillier.EncryptedNumber object at 0x000001FB871688E0>
61,<phe.paillier.EncryptedNumber object at 0x000001FB87166340>
62,<phe.paillier.EncryptedNumber object at 0x000001FB87166130>
63,<phe.paillier.EncryptedNumber object at 0x000001FB871693D0>
64,<phe.paillier.EncryptedNumber object at 0x000001FB871708B0>
65,<phe.paillier.EncryptedNumber object at 0x000001FB87170640>
66,<phe.paillier.EncryptedNumber object at 0x000001FB8715D730>
67,<phe.paillier.EncryptedNumber object at 0x000001FB871602B0>
68,<phe.paillier.EncryptedNumber object at 0x000001FB87166040>
69,<phe.paillier.EncryptedNumber object at 0x000001FB8715BE50>
70,<phe.paillier.EncryptedNumber object at 0x000001FB87168040>
71,<phe.paillier.EncryptedNumber object at 0x000001FB871707C0>
72,<phe.paillier.EncryptedNumber object at 0x000001FB871733D0>
73,<phe.paillier.EncryptedNumber object at 0x000001FB87173E80>
74,<phe.paillier.EncryptedNumber object at 0x000001FB8716E490>
75,<phe.paillier.EncryptedNumber object at 0x000001FB87163B80>
76,<phe.paillier.EncryptedNumber object at 0x000001FB871697F0>
77,<phe.paillier.EncryptedNumber object at 0x000001FB87162F10>
78,<phe.paillier.EncryptedNumber object at 0x000001FB8715BCD0>
79,<phe.paillier.EncryptedNumber object at 0x000001FB87160910>
80,<phe.paillier.EncryptedNumber object at 0x000001FB8716E520>
81,<phe.paillier.EncryptedNumber object at 0x000001FB87163070>
82,<phe.paillier.EncryptedNumber object at 0x000001FB87160430>
83,<phe.paillier.EncryptedNumber object at 0x000001FB8716C610>
84,<phe.paillier.EncryptedNumber object at 0x000001FB8715B4C0>
85,<phe.paillier.EncryptedNumber object at 0x000001FB87173DF0>
86,<phe.paillier.EncryptedNumber object at 0x000001FB87135E80>
87,<phe.paillier.EncryptedNumber object at 0x000001FB871709A0>
88,<phe.paillier.EncryptedNumber object at 0x000001FB871682B0>
89,<phe.paillier.EncryptedNumber object at 0x000001FB8715BB50>
90,<phe.paillier.EncryptedNumber object at 0x000001FB87162B20>
91,<phe.paillier.EncryptedNumber object at 0x000001FB87173970>
92,<phe.paillier.EncryptedNumber object at 0x000001FB8715BBB0>
93,<phe.paillier.EncryptedNumber object at 0x000001FB8715C430>
94,<phe.paillier.EncryptedNumber object at 0x000001FB8715B1F0>
95,<phe.paillier.EncryptedNumber object at 0x000001FB871609D0>
96,<phe.paillier.EncryptedNumber object at 0x000001FB8715CAF0>
97,<phe.paillier.EncryptedNumber object at 0x000001FB87160760>
98,<phe.paillier.EncryptedNumber object at 0x000001FB8712EF10>
99,<phe.paillier.EncryptedNumber object at 0x000001FB8716C3D0>
100,<phe.paillier.EncryptedNumber object at 0x000001FB87160CA0>
101,<phe.paillier.EncryptedNumber object at 0x000001FB87163550>
102,<phe.paillier.EncryptedNumber object at 0x000001FB87169850>
103,<phe.paillier.EncryptedNumber object at 0x000001FB8716C9D0>
104,<phe.paillier.EncryptedNumber object at 0x000001FB8716E6A0>
105,<phe.paillier.EncryptedNumber object at 0x000001FB870F3100>
106,<phe.paillier.EncryptedNumber object at 0x000001FB8715DD60>
107,<phe.paillier.EncryptedNumber object at 0x000001FB87168520>
108,<phe.paillier.EncryptedNumber object at 0x000001FB87162430>
109,<phe.paillier.EncryptedNumber object at 0x000001FB8715DB50>
110,<phe.paillier.EncryptedNumber object at 0x000001FB87166490>
111,<phe.paillier.EncryptedNumber object at 0x000001FB8715D040>
112,<phe.paillier.EncryptedNumber object at 0x000001FB8716EEB0>
113,<phe.paillier.EncryptedNumber object at 0x000001FB871350D0>
114,<phe.paillier.EncryptedNumber object at 0x000001FB87162BB0>
115,<phe.paillier.EncryptedNumber object at 0x000001FB87170D00>
116,<phe.paillier.EncryptedNumber object at 0x000001FB8715D5B0>
117,<phe.paillier.EncryptedNumber object at 0x000001FB8715C6D0>
118,<phe.paillier.EncryptedNumber object at 0x000001FB871701C0>
119,<phe.paillier.EncryptedNumber object at 0x000001FB8716E910>
120,<phe.paillier.EncryptedNumber object at 0x000001FB87173B50>
121,<phe.paillier.EncryptedNumber object at 0x000001FB87173910>
122,<phe.paillier.EncryptedNumber object at 0x000001FB871602E0>
123,<phe.paillier.EncryptedNumber object at 0x000001FB87173C70>
124,<phe.paillier.EncryptedNumber object at 0x000001FB871632B0>
125,<phe.paillier.EncryptedNumber object at 0x000001FB87166430>
126,<phe.paillier.EncryptedNumber object at 0x000001FB87166FD0>
127,<phe.paillier.EncryptedNumber object at 0x000001FB87162250>
128,<phe.paillier.EncryptedNumber object at 0x000001FB87160EB0>
129,<phe.paillier.EncryptedNumber object at 0x000001FB8715D430>
130,<phe.paillier.EncryptedNumber object at 0x000001FB8716EDF0>
131,<phe.paillier.EncryptedNumber object at 0x000001FB8716CAF0>
132,<phe.paillier.EncryptedNumber object at 0x000001FB87160640>
133,<phe.paillier.EncryptedNumber object at 0x000001FB8715C7C0>
134,<phe.paillier.EncryptedNumber object at 0x000001FB8716C190>
135,<phe.paillier.EncryptedNumber object at 0x000001FB8715BFD0>
136,<phe.paillier.EncryptedNumber object at 0x000001FB8715CFD0>
137,<phe.paillier.EncryptedNumber object at 0x000001FB87166EB0>
138,<phe.paillier.EncryptedNumber object at 0x000001FB87173BB0>
139,<phe.paillier.EncryptedNumber object at 0x000001FB8716EF70>
140,<phe.paillier.EncryptedNumber object at 0x000001FB87168AF0>
141,<phe.paillier.EncryptedNumber object at 0x000001FB8715CB50>
142,<phe.paillier.EncryptedNumber object at 0x000001FB87169E50>
143,<phe.paillier.EncryptedNumber object at 0x000001FB87169D60>
144,<phe.paillier.EncryptedNumber object at 0x000001FB87169910>
145,<phe.paillier.EncryptedNumber object at 0x000001FB87162340>
146,<phe.paillier.EncryptedNumber object at 0x000001FB8715DF10>
147,<phe.paillier.EncryptedNumber object at 0x000001FB87160070>
148,<phe.paillier.EncryptedNumber object at 0x000001FB8715B6D0>
149,<phe.paillier.EncryptedNumber object at 0x000001FB87170E50>
150,<phe.paillier.EncryptedNumber object at 0x000001FB871681C0>
151,<phe.paillier.EncryptedNumber object at 0x000001FB87163820>
152,<phe.paillier.EncryptedNumber object at 0x000001FB8716EA30>
153,<phe.paillier.EncryptedNumber object at 0x000001FB87170730>
154,<phe.paillier.EncryptedNumber object at 0x000001FBEFD1D220>
155,<phe.paillier.EncryptedNumber object at 0x000001FB87162C10>
156,<phe.paillier.EncryptedNumber object at 0x000001FB87173310>
157,<phe.paillier.EncryptedNumber object at 0x000001FB8715DF70>
158,<phe.paillier.EncryptedNumber object at 0x000001FB87166610>
159,<phe.paillier.EncryptedNumber object at 0x000001FB871633D0>
160,<phe.paillier.EncryptedNumber object at 0x000001FB87168A30>
161,<phe.paillier.EncryptedNumber object at 0x000001FB8716CCA0>
162,<phe.paillier.EncryptedNumber object at 0x000001FB8715D370>
163,<phe.paillier.EncryptedNumber object at 0x000001FB87166E50>
164,<phe.paillier.EncryptedNumber object at 0x000001FB87169FD0>
165,<phe.paillier.EncryptedNumber object at 0x000001FB87160AF0>
166,<phe.paillier.EncryptedNumber object at 0x000001FB87170340>
167,<phe.paillier.EncryptedNumber object at 0x000001FB871607C0>
168,<phe.paillier.EncryptedNumber object at 0x000001FB871692E0>
169,<phe.paillier.EncryptedNumber object at 0x000001FB871735B0>
170,<phe.paillier.EncryptedNumber object at 0x000001FB87170910>
171,<phe.paillier.EncryptedNumber object at 0x000001FB8716CA30>
172,<phe.paillier.EncryptedNumber object at 0x000001FB8715DBB0>
173,<phe.paillier.EncryptedNumber object at 0x000001FB8716E100>
174,<phe.paillier.EncryptedNumber object at 0x000001FB87163880>
175,<phe.paillier.EncryptedNumber object at 0x000001FB871691F0>
176,<phe.paillier.EncryptedNumber object at 0x000001FB87169AF0>
177,<phe.paillier.EncryptedNumber object at 0x000001FB87170490>
178,<phe.paillier.EncryptedNumber object at 0x000001FB8716E130>
179,<phe.paillier.EncryptedNumber object at 0x000001FB87163910>
180,<phe.paillier.EncryptedNumber object at 0x000001FB87162CA0>
181,<phe.paillier.EncryptedNumber object at 0x000001FB8715DA90>
182,<phe.paillier.EncryptedNumber object at 0x000001FB8715B460>
183,<phe.paillier.EncryptedNumber object at 0x000001FB8715C970>
184,<phe.paillier.EncryptedNumber object at 0x000001FB87166670>
185,<phe.paillier.EncryptedNumber object at 0x000001FB8715B8B0>
186,<phe.paillier.EncryptedNumber object at 0x000001FB8715BF10>
187,<phe.paillier.EncryptedNumber object at 0x000001FB871623D0>
188,<phe.paillier.EncryptedNumber object at 0x000001FB871696A0>
189,<phe.paillier.EncryptedNumber object at 0x000001FB871737F0>
190,<phe.paillier.EncryptedNumber object at 0x000001FB871730A0>
191,<phe.paillier.EncryptedNumber object at 0x000001FB8716C970>
192,<phe.paillier.EncryptedNumber object at 0x000001FB87162AC0>
193,<phe.paillier.EncryptedNumber object at 0x000001FB87166AC0>
194,<phe.paillier.EncryptedNumber object at 0x000001FB87166910>
195,<phe.paillier.EncryptedNumber object at 0x000001FB8715C3D0>
196,<phe.paillier.EncryptedNumber object at 0x000001FB87166850>
197,<phe.paillier.EncryptedNumber object at 0x000001FB8715B520>
198,<phe.paillier.EncryptedNumber object at 0x000001FB87170430>
199,<phe.paillier.EncryptedNumber object at 0x000001FB8715B2E0>
200,<phe.paillier.EncryptedNumber object at 0x000001FB8716E760>
201,<phe.paillier.EncryptedNumber object at 0x000001FB8716CEB0>
202,<phe.paillier.EncryptedNumber object at 0x000001FB8716E190>
203,<phe.paillier.EncryptedNumber object at 0x000001FB87166D90>
204,<phe.paillier.EncryptedNumber object at 0x000001FB87173670>
205,<phe.paillier.EncryptedNumber object at 0x000001FB87162A90>
206,<phe.paillier.EncryptedNumber object at 0x000001FB8715B220>
207,<phe.paillier.EncryptedNumber object at 0x000001FB8716E850>
208,<phe.paillier.EncryptedNumber object at 0x000001FB87169730>
209,<phe.paillier.EncryptedNumber object at 0x000001FB87160340>
210,<phe.paillier.EncryptedNumber object at 0x000001FB87173A90>
211,<phe.paillier.EncryptedNumber object at 0x000001FB8716ED30>
212,<phe.paillier.EncryptedNumber object at 0x000001FB8715DC70>
213,<phe.paillier.EncryptedNumber object at 0x000001FB87162880>
214,<phe.paillier.EncryptedNumber object at 0x000001FB8715CF70>
215,<phe.paillier.EncryptedNumber object at 0x000001FB8716E250>
216,<phe.paillier.EncryptedNumber object at 0x000001FB8716CFD0>
217,<phe.paillier.EncryptedNumber object at 0x000001FB8716E2E0>
218,<phe.paillier.EncryptedNumber object at 0x000001FB871629D0>
219,<phe.paillier.EncryptedNumber object at 0x000001FB87170550>
220,<phe.paillier.EncryptedNumber object at 0x000001FB87160FD0>
221,<phe.paillier.EncryptedNumber object at 0x000001FB87162970>
222,<phe.paillier.EncryptedNumber object at 0x000001FB87170FD0>
223,<phe.paillier.EncryptedNumber object at 0x000001FB871625B0>
224,<phe.paillier.EncryptedNumber object at 0x000001FB87163130>
225,<phe.paillier.EncryptedNumber object at 0x000001FB87163A90>
226,<phe.paillier.EncryptedNumber object at 0x000001FB8715C190>
227,<phe.paillier.EncryptedNumber object at 0x000001FB8715B100>
228,<phe.paillier.EncryptedNumber object at 0x000001FB87162A30>
229,<phe.paillier.EncryptedNumber object at 0x000001FB87166A00>
230,<phe.paillier.EncryptedNumber object at 0x000001FB871620A0>
231,<phe.paillier.EncryptedNumber object at 0x000001FB8715D8E0>
232,<phe.paillier.EncryptedNumber object at 0x000001FB87173340>
233,<phe.paillier.EncryptedNumber object at 0x000001FB8715D250>
234,<phe.paillier.EncryptedNumber object at 0x000001FB87160730>
235,<phe.paillier.EncryptedNumber object at 0x000001FB87163D90>
236,<phe.paillier.EncryptedNumber object at 0x000001FB87170970>
237,<phe.paillier.EncryptedNumber object at 0x000001FB8715B730>
238,<phe.paillier.EncryptedNumber object at 0x000001FB87163F70>
239,<phe.paillier.EncryptedNumber object at 0x000001FB8716E5B0>
240,<phe.paillier.EncryptedNumber object at 0x000001FB8715C610>
241,<phe.paillier.EncryptedNumber object at 0x000001FB8716C130>
242,<phe.paillier.EncryptedNumber object at 0x000001FB8716C1F0>
243,<phe.paillier.EncryptedNumber object at 0x000001FB87168490>
244,<phe.paillier.EncryptedNumber object at 0x000001FB87135E20>
245,<phe.paillier.EncryptedNumber object at 0x000001FB87166550>
246,<phe.paillier.EncryptedNumber object at 0x000001FB87168430>
247,<phe.paillier.EncryptedNumber object at 0x000001FB8715D5E0>
248,<phe.paillier.EncryptedNumber object at 0x000001FB87163040>
249,<phe.paillier.EncryptedNumber object at 0x000001FB87162EB0>
250,<phe.paillier.EncryptedNumber object at 0x000001FB871705E0>
251,<phe.paillier.EncryptedNumber object at 0x000001FB87160520>
252,<phe.paillier.EncryptedNumber object at 0x000001FB8715C760>
253,<phe.paillier.EncryptedNumber object at 0x000001FB8715D490>
254,<phe.paillier.EncryptedNumber object at 0x000001FB87169670>
255,<phe.paillier.EncryptedNumber object at 0x000001FB8716C310>
256,<phe.paillier.EncryptedNumber object at 0x000001FB8715B160>
257,<phe.paillier.EncryptedNumber object at 0x000001FB8715D1F0>
258,<phe.paillier.EncryptedNumber object at 0x000001FB8715DEB0>
259,<phe.paillier.EncryptedNumber object at 0x000001FB871601F0>
260,<phe.paillier.EncryptedNumber object at 0x000001FB87135490>
261,<phe.paillier.EncryptedNumber object at 0x000001FB8716CD90>
262,<phe.paillier.EncryptedNumber object at 0x000001FB87168610>
263,<phe.paillier.EncryptedNumber object at 0x000001FB8715D190>
264,<phe.paillier.EncryptedNumber object at 0x000001FB8716EB50>
265,<phe.paillier.EncryptedNumber object at 0x000001FB8716E370>
266,<phe.paillier.EncryptedNumber object at 0x000001FB8715DCD0>
267,<phe.paillier.EncryptedNumber object at 0x000001FB87163220>
268,<phe.paillier.EncryptedNumber object at 0x000001FB87163AC0>
269,<phe.paillier.EncryptedNumber object at 0x000001FB87168DC0>
270,<phe.paillier.EncryptedNumber object at 0x000001FB8716E610>
271,<phe.paillier.EncryptedNumber object at 0x000001FB87166D30>
272,<phe.paillier.EncryptedNumber object at 0x000001FB871682E0>
273,<phe.paillier.EncryptedNumber object at 0x000001FB87170BB0>
274,<phe.paillier.EncryptedNumber object at 0x000001FB87163670>
275,<phe.paillier.EncryptedNumber object at 0x000001FB8716C430>
276,<phe.paillier.EncryptedNumber object at 0x000001FB8716C8B0>
277,<phe.paillier.EncryptedNumber object at 0x000001FB871705B0>
278,<phe.paillier.EncryptedNumber object at 0x000001FB87135F10>
279,<phe.paillier.EncryptedNumber object at 0x000001FB871684C0>
280,<phe.paillier.EncryptedNumber object at 0x000001FB871668B0>
281,<phe.paillier.EncryptedNumber object at 0x000001FB8716EA90>
282,<phe.paillier.EncryptedNumber object at 0x000001FB87163E50>
283,<phe.paillier.EncryptedNumber object at 0x000001FB87169070>
284,<phe.paillier.EncryptedNumber object at 0x000001FB87162DF0>
285,<phe.paillier.EncryptedNumber object at 0x000001FB871704F0>
286,<phe.paillier.EncryptedNumber object at 0x000001FB8712EC70>
287,<phe.paillier.EncryptedNumber object at 0x000001FB8716E070>
288,<phe.paillier.EncryptedNumber object at 0x000001FB8715D790>
289,<phe.paillier.EncryptedNumber object at 0x000001FB87166280>
290,<phe.paillier.EncryptedNumber object at 0x000001FB871664F0>
291,<phe.paillier.EncryptedNumber object at 0x000001FB8715C520>
292,<phe.paillier.EncryptedNumber object at 0x000001FB87160DF0>
293,<phe.paillier.EncryptedNumber object at 0x000001FB87169550>
294,<phe.paillier.EncryptedNumber object at 0x000001FB87170130>
295,<phe.paillier.EncryptedNumber object at 0x000001FB87173C10>
296,<phe.paillier.EncryptedNumber object at 0x000001FB87163CD0>
297,<phe.paillier.EncryptedNumber object at 0x000001FB871667F0>
298,<phe.paillier.EncryptedNumber object at 0x000001FB87173400>
299,<phe.paillier.EncryptedNumber object at 0x000001FB87160D30>
300,<phe.paillier.EncryptedNumber object at 0x000001FB8715B400>
301,<phe.paillier.EncryptedNumber object at 0x000001FB8715C670>
302,<phe.paillier.EncryptedNumber object at 0x000001FB871660A0>
303,<phe.paillier.EncryptedNumber object at 0x000001FB87163A30>
304,<phe.paillier.EncryptedNumber object at 0x000001FB871352E0>
305,<phe.paillier.EncryptedNumber object at 0x000001FB87169130>
306,<phe.paillier.EncryptedNumber object at 0x000001FB8716ED90>
307,<phe.paillier.EncryptedNumber object at 0x000001FB8715C8B0>
308,<phe.paillier.EncryptedNumber object at 0x000001FB87163D30>
309,<phe.paillier.EncryptedNumber object at 0x000001FB8715B040>
310,<phe.paillier.EncryptedNumber object at 0x000001FB87162190>
311,<phe.paillier.EncryptedNumber object at 0x000001FB8715BDF0>
312,<phe.paillier.EncryptedNumber object at 0x000001FB8715B790>
313,<phe.paillier.EncryptedNumber object at 0x000001FB87163EB0>
314,<phe.paillier.EncryptedNumber object at 0x000001FB8716C490>
315,<phe.paillier.EncryptedNumber object at 0x000001FB8715BAF0>
316,<phe.paillier.EncryptedNumber object at 0x000001FB87162790>
317,<phe.paillier.EncryptedNumber object at 0x000001FB87170AF0>
318,<phe.paillier.EncryptedNumber object at 0x000001FB87173610>
319,<phe.paillier.EncryptedNumber object at 0x000001FB87170F10>
320,<phe.paillier.EncryptedNumber object at 0x000001FB87170E80>
321,<phe.paillier.EncryptedNumber object at 0x000001FB8716E3A0>
322,<phe.paillier.EncryptedNumber object at 0x000001FB8715D640>
323,<phe.paillier.EncryptedNumber object at 0x000001FB87162C70>
324,<phe.paillier.EncryptedNumber object at 0x000001FB8716C790>
325,<phe.paillier.EncryptedNumber object at 0x000001FB8715B070>
326,<phe.paillier.EncryptedNumber object at 0x000001FB87173220>
327,<phe.paillier.EncryptedNumber object at 0x000001FB87169790>
328,<phe.paillier.EncryptedNumber object at 0x000001FB8715D970>
329,<phe.paillier.EncryptedNumber object at 0x000001FB87160F10>
330,<phe.paillier.EncryptedNumber object at 0x000001FB87135EB0>
331,<phe.paillier.EncryptedNumber object at 0x000001FB8716EF10>
332,<phe.paillier.EncryptedNumber object at 0x000001FB87170A30>
333,<phe.paillier.EncryptedNumber object at 0x000001FB8715B850>
334,<phe.paillier.EncryptedNumber object at 0x000001FB871694C0>
335,<phe.paillier.EncryptedNumber object at 0x000001FB87169DF0>
336,<phe.paillier.EncryptedNumber object at 0x000001FB87135310>
337,<phe.paillier.EncryptedNumber object at 0x000001FB871699D0>
338,<phe.paillier.EncryptedNumber object at 0x000001FB87162460>
339,<phe.paillier.EncryptedNumber object at 0x000001FB8716C250>
340,<phe.paillier.EncryptedNumber object at 0x000001FB87169400>
341,<phe.paillier.EncryptedNumber object at 0x000001FB8716E7C0>
342,<phe.paillier.EncryptedNumber object at 0x000001FB871731F0>
343,<phe.paillier.EncryptedNumber object at 0x000001FB8715CD30>
344,<phe.paillier.EncryptedNumber object at 0x000001FB87169B50>
345,<phe.paillier.EncryptedNumber object at 0x000001FB87168CD0>
346,<phe.paillier.EncryptedNumber object at 0x000001FB87166BB0>
347,<phe.paillier.EncryptedNumber object at 0x000001FB8716C730>
348,<phe.paillier.EncryptedNumber object at 0x000001FB87166730>
349,<phe.paillier.EncryptedNumber object at 0x000001FB87160BB0>
350,<phe.paillier.EncryptedNumber object at 0x000001FB87169460>
351,<phe.paillier.EncryptedNumber object at 0x000001FB87163940>
352,<phe.paillier.EncryptedNumber object at 0x000001FB8715CBB0>
353,<phe.paillier.EncryptedNumber object at 0x000001FB871622E0>
354,<phe.paillier.EncryptedNumber object at 0x000001FB8715CBE0>
355,<phe.paillier.EncryptedNumber object at 0x000001FB87173CD0>
356,<phe.paillier.EncryptedNumber object at 0x000001FB87160610>
357,<phe.paillier.EncryptedNumber object at 0x000001FB87160850>
358,<phe.paillier.EncryptedNumber object at 0x000001FB8715C250>
359,<phe.paillier.EncryptedNumber object at 0x000001FB87166C10>
360,<phe.paillier.EncryptedNumber object at 0x000001FB8715BA30>
361,<phe.paillier.EncryptedNumber object at 0x000001FB871689D0>
362,<phe.paillier.EncryptedNumber object at 0x000001FB871695E0>
363,<phe.paillier.EncryptedNumber object at 0x000001FB87169F10>
364,<phe.paillier.EncryptedNumber object at 0x000001FB871626A0>
365,<phe.paillier.EncryptedNumber object at 0x000001FB87166250>
366,<phe.paillier.EncryptedNumber object at 0x000001FB87173190>
367,<phe.paillier.EncryptedNumber object at 0x000001FB87162070>
368,<phe.paillier.EncryptedNumber object at 0x000001FB8715D6D0>
369,<phe.paillier.EncryptedNumber object at 0x000001FB8715DE50>
370,<phe.paillier.EncryptedNumber object at 0x000001FB87160C40>
371,<phe.paillier.EncryptedNumber object at 0x000001FB8715D9D0>
372,<phe.paillier.EncryptedNumber object at 0x000001FB8715B9D0>
373,<phe.paillier.EncryptedNumber object at 0x000001FB87168370>
374,<phe.paillier.EncryptedNumber object at 0x000001FB87162550>
375,<phe.paillier.EncryptedNumber object at 0x000001FB8715C0A0>
376,<phe.paillier.EncryptedNumber object at 0x000001FB87169F70>
377,<phe.paillier.EncryptedNumber object at 0x000001FB8715CA90>
378,<phe.paillier.EncryptedNumber object at 0x000001FB8715C700>
379,<phe.paillier.EncryptedNumber object at 0x000001FB8716CBB0>
380,<phe.paillier.EncryptedNumber object at 0x000001FB8715D520>
381,<phe.paillier.EncryptedNumber object at 0x000001FB871666D0>
382,<phe.paillier.EncryptedNumber object at 0x000001FB8715BD90>
383,<phe.paillier.EncryptedNumber object at 0x000001FB87168220>
384,<phe.paillier.EncryptedNumber object at 0x000001FB871639D0>
385,<phe.paillier.EncryptedNumber object at 0x000001FB8716C040>
386,<phe.paillier.EncryptedNumber object at 0x000001FB8715B7C0>
387,<phe.paillier.EncryptedNumber object at 0x000001FB87169BB0>
388,<phe.paillier.EncryptedNumber object at 0x000001FB87168760>
389,<phe.paillier.EncryptedNumber object at 0x000001FB87163FD0>
390,<phe.paillier.EncryptedNumber object at 0x000001FB87170250>
391,<phe.paillier.EncryptedNumber object at 0x000001FB8715BBE0>
392,<phe.paillier.EncryptedNumber object at 0x000001FB87173490>
393,<phe.paillier.EncryptedNumber object at 0x000001FB8715D8B0>
394,<phe.paillier.EncryptedNumber object at 0x000001FB8715B2B0>
395,<phe.paillier.EncryptedNumber object at 0x000001FB87160D90>
396,<phe.paillier.EncryptedNumber object at 0x000001FB8716E730>
397,<phe.paillier.EncryptedNumber object at 0x000001FB87170A90>
398,<phe.paillier.EncryptedNumber object at 0x000001FB87160190>
399,<phe.paillier.EncryptedNumber object at 0x000001FB871634C0>
400,<phe.paillier.EncryptedNumber object at 0x000001FB87173730>
401,<phe.paillier.EncryptedNumber object at 0x000001FB87173790>
402,<phe.paillier.EncryptedNumber object at 0x000001FB87163CA0>
403,<phe.paillier.EncryptedNumber object at 0x000001FB871665B0>
404,<phe.paillier.EncryptedNumber object at 0x000001FB8716C910>
405,<phe.paillier.EncryptedNumber object at 0x000001FB8715DFD0>
406,<phe.paillier.EncryptedNumber object at 0x000001FB87160B20>
407,<phe.paillier.EncryptedNumber object at 0x000001FB8715CD90>
408,<phe.paillier.EncryptedNumber object at 0x000001FB8716E2B0>
409,<phe.paillier.EncryptedNumber object at 0x000001FB8716CC10>
410,<phe.paillier.EncryptedNumber object at 0x000001FB8715D3D0>
411,<phe.paillier.EncryptedNumber object at 0x000001FB8715C340>
412,<phe.paillier.EncryptedNumber object at 0x000001FB871734F0>
413,<phe.paillier.EncryptedNumber object at 0x000001FB87160A30>
414,<phe.paillier.EncryptedNumber object at 0x000001FB8715C8E0>
415,<phe.paillier.EncryptedNumber object at 0x000001FB87173A30>
416,<phe.paillier.EncryptedNumber object at 0x000001FB87170190>
417,<phe.paillier.EncryptedNumber object at 0x000001FB87166F70>
418,<phe.paillier.EncryptedNumber object at 0x000001FB87169EB0>
419,<phe.paillier.EncryptedNumber object at 0x000001FB8716EC10>
420,<phe.paillier.EncryptedNumber object at 0x000001FB8715C280>
421,<phe.paillier.EncryptedNumber object at 0x000001FB87166160>
422,<phe.paillier.EncryptedNumber object at 0x000001FBEFD1D2B0>
423,<phe.paillier.EncryptedNumber object at 0x000001FB87168DF0>
424,<phe.paillier.EncryptedNumber object at 0x000001FB87162130>
425,<phe.paillier.EncryptedNumber object at 0x000001FB87173D30>
